num_insee	ArCom	ArVoiCom	PeVoiCom	LeTroCom	ArUrb	ArVoiUrb	PeVoiUrb	LeTroUrb	PaArVoi	PaLeTro	PaArVoiCom	PaArVoiUrb	RaLeArTroCom	RaLeArTroUrb	RaPeArVoiCom	RaPeArVoiUrb
75056	105.42423095469047	27.776423755052246	3184.329500826058	2071.511364875034	102.93383543596029	27.315879359316746	3160.8374219336706	2041.71349075396	98.34195935446249	98.56153943317267	26.347286106350708	26.53731811665676	19.64929073815425	19.83520270187737	604.1987685436382	604.7760239328969
